tremujori,npl,car,npl_kap,roa,kredi_tot,hipoteka,pp_biznes,eksp_ndertim,pbb,ndertim,repo,inflacion,hpi_vendi,hpi_tirane,kosto_ndertim,npl_logit,stok_npl,ln_stok,hip_share,ppb_share,eksp_total,repo_real,ln_hpi,ln_hpi_tr,rritje_kredi,d_covid,d_ltv
2016Q1,19.31,15.99,31.5,0.54,530775.75,103362.1,89568.34,,4.8008,-2.0374,1.75,0.6667,,,,-1.43,102492.7973,11.5375,19.4738,16.875,36.3488,1.0833,,,,0,0
2016Q2,19.96,16.08,34.98,0.85,535690.26,103792.64,88752.78,,4.8852,-6.3155,1.5,0.7333,,,,-1.3888,106923.7759,11.5799,19.3755,16.5679,35.9434,0.7667,,,,0,0
2016Q3,21.29,15.6,36.6,0.71,532778.01,104711.98,81093.79,14.5577,4.6037,-0.7763,1.5,1.9,,,,-1.3075,113428.4383,11.6389,19.654,15.2209,34.8749,-0.4,,,,0,0
2016Q4,18.27,15.71,26.27,0.74,530412.51,103941.88,84740.99,14.0279,3.7714,-1.1764,1.5,1.8667,,,,-1.4982,96906.3656,11.4815,19.5964,15.9764,35.5729,-0.3667,,,,0,0
2017Q1,17.44,15.79,24.11,1.63,530197.93,104881.05,83316.68,13.8755,3.6305,9.9442,1.5,2.3953,,,,-1.5548,92466.519,11.4346,19.7815,15.7143,35.4957,-0.8953,,,-0.1089,0,0
2017Q2,15.58,16.32,20.79,1.54,526472.47,105063.83,83548.91,13.6785,3.1463,19.8892,1.5,2.0424,,,,-1.6898,82024.4108,11.3148,19.9562,15.8696,35.8258,-0.5424,,,-1.7207,0,0
2017Q3,14.78,16.38,18.72,1.55,536698.53,107132.45,84536.68,14.1108,1.1831,7.4084,1.5,1.7262,,,,-1.752,79324.0427,11.2813,19.9614,15.7512,35.7126,-0.2262,,,0.7359,0,0
2017Q4,13.23,16.6,17.26,1.54,533522.2,107981.19,82764.16,13.8757,1.6384,4.4839,1.5,1.7842,,,,-1.8808,70584.9871,11.1646,20.2393,15.5128,35.7521,-0.2842,,,0.5863,0,0
2018Q1,13.43,16.93,18.72,1.41,531473.95,107788.43,83914.79,13.798,4.2091,6.0024,1.5,1.9154,,,96.4767,-1.8635,71376.9515,11.1757,20.281,15.7891,36.0701,-0.4154,,,0.2407,0,0
2018Q2,13.27,17.93,19.43,1.65,512649.64,107960.99,83443.44,14.0821,4.4263,-1.3526,1.0,2.19,,,96.57,-1.8773,68028.6072,11.1277,21.0594,16.2769,37.3363,-1.19,,,-2.6256,0,0
2018Q3,12.89,18.22,19.34,1.44,516696.18,109955.14,84047.32,14.9967,5.3342,5.3568,1.0,2.1953,,,96.6633,-1.9107,66602.1376,11.1065,21.2804,16.2663,37.5467,-1.1953,,,-3.7269,0,0
2018Q4,11.08,18.24,16.65,1.2,512943.54,109460.3,81317.75,15.1278,1.3349,2.465,1.0,1.8146,,,97.2231,-2.0826,56834.1442,10.9479,21.3396,15.8532,37.1928,-0.8146,,,-3.8571,0,0
2019Q1,11.38,17.95,18.56,1.5,526282.14,111847.28,84287.44,15.0506,2.5623,2.2414,1.0,1.5751,,,96.8499,-2.0525,59890.9075,11.0003,21.2523,16.0156,37.268,-0.5751,,,-0.9769,0,0
2019Q2,11.23,18.52,18.13,1.55,530409.21,112732.01,85641.86,14.607,1.588,2.4847,1.0,1.3999,,,96.8499,-2.0675,59564.9543,10.9948,21.2538,16.1464,37.4002,-0.3999,,,3.4643,0,0
2019Q3,10.61,18.76,17.62,1.49,542168.73,114976.83,88529.13,14.5848,2.7623,4.3512,1.0,1.4055,,,96.7566,-2.1312,57524.1023,10.96,21.2068,16.3287,37.5355,-0.4055,,,4.9299,0,0
2019Q4,8.37,18.28,14.61,1.49,546577.16,116797.37,89858.7,14.0491,0.43,-8.9646,1.0,1.2643,,,97.1298,-2.3931,45748.5083,10.7309,21.3689,16.4403,37.8091,-0.2643,,,6.557,0,0
2020Q1,8.21,19.08,11.99,0.44,572750.6,121876.12,95568.55,14.1292,-2.7645,-10.843,0.5,1.5978,,,97.3164,-2.4142,47022.8243,10.7584,21.2791,16.6859,37.965,-1.0978,,,8.8296,0,0
2020Q2,8.09,18.1,11.64,1.03,565458.4,120908.86,94471.76,14.7795,-9.0589,-10.7029,0.5,1.9392,1.4,1.434,97.2231,-2.4302,45745.5846,10.7309,21.3825,16.7071,38.0896,-1.4392,0.3365,0.3605,6.608,1,0
2020Q3,8.3,18.64,11.79,0.97,570942.02,124461.38,96838.86,14.9062,-2.1156,9.4139,0.5,1.3928,1.4435,1.4505,96.9432,-2.4023,47388.1877,10.7661,21.7993,16.9612,38.7605,-0.8928,0.3671,0.3719,5.3071,1,0
2020Q4,8.11,18.32,12.0,1.2,584648.29,127376.74,105511.51,14.0319,3.676,13.7241,0.5,1.5543,1.487,1.467,97.0365,-2.4275,47414.9763,10.7667,21.7869,18.047,39.8339,-1.0543,0.3968,0.3832,6.9654,1,0
2021Q1,7.96,18.1,10.7,1.25,586461.73,129682.21,107502.56,14.9192,6.6404,14.7034,0.5,0.9276,1.491,1.4925,97.9499,-2.4478,46682.3537,10.7511,22.1126,18.3307,40.4433,-0.4276,0.3994,0.4005,2.3939,1,0
2021Q2,7.12,17.95,9.57,1.38,599593.69,137044.31,108059.41,15.9999,16.504,29.9592,0.5,1.7831,1.495,1.518,98.5091,-2.5684,42691.0707,10.6617,22.8562,18.0221,40.8783,-1.2831,0.4021,0.4174,6.0367,0,0
2021Q3,6.49,18.3,8.34,1.4,612118.34,140749.62,108349.12,16.3931,6.6382,-4.0726,0.5,2.3803,1.558,1.5825,99.0543,-2.6678,39726.4803,10.5898,22.9939,17.7007,40.6945,-1.8803,0.4434,0.459,7.212,0,0
2021Q4,5.65,18.0,7.59,1.42,640525.42,145995.05,111414.83,16.5661,6.0482,5.5835,0.5,3.0938,1.621,1.647,100.0,-2.8154,36189.6862,10.4965,22.793,17.3943,40.1873,-2.5938,0.483,0.499,9.5574,0,0
2022Q1,5.24,17.94,7.46,0.84,657884.78,152224.52,113968.22,16.7561,5.8017,23.2074,1.0,4.4395,1.851,1.882,102.8971,-2.895,34473.1625,10.4479,23.1385,17.3234,40.4619,-3.4395,0.6157,0.6323,12.1786,0,0
2022Q2,5.32,18.99,8.05,0.8,674289.55,159233.54,115882.06,17.6019,2.5103,-4.7526,1.0,6.7449,2.081,2.117,104.6179,-2.879,35872.2041,10.4877,23.615,17.1858,40.8008,-5.7449,0.7328,0.75,12.4577,0,0
2022Q3,5.06,19.26,7.17,1.04,690045.27,163226.73,114234.31,17.7748,5.8455,9.0395,1.75,7.8496,1.9865,1.9965,106.2026,-2.9319,34916.2907,10.4607,23.6545,16.5546,40.2091,-6.0996,0.6864,0.6914,12.7307,0,0
2022Q4,5.0,18.13,7.89,1.36,684782.53,166723.35,112382.08,18.5129,4.0587,12.1804,2.75,7.858,1.892,1.876,107.0269,-2.9444,34239.1265,10.4411,24.3469,16.4114,40.7583,-5.108,0.6376,0.6291,6.9095,0,0
2023Q1,5.15,18.9,7.9,1.7,681498.02,171634.44,115627.23,18.5327,3.1861,0.681,3.0,6.5299,2.0015,2.0005,108.3385,-2.9133,35097.148,10.4659,25.1849,16.9666,42.1515,-3.5299,0.6939,0.6934,3.5893,0,0
2023Q2,5.2,19.0,7.9,1.84,682979.05,172631.57,110574.88,19.0329,4.4021,10.2282,3.0,4.6131,2.111,2.125,109.487,-2.9031,35514.9106,10.4777,25.2763,16.1901,41.4663,-1.6131,0.7472,0.7538,1.2887,0,0
2023Q3,5.24,19.63,7.11,1.89,693715.14,176884.25,126804.39,19.0808,4.9095,1.6836,3.0,4.0723,2.0305,2.0175,110.6101,-2.895,36350.6733,10.501,25.4981,18.279,43.7771,-1.0723,0.7083,0.7019,0.5318,0,0
2023Q4,4.74,19.42,6.04,1.99,710452.23,184412.41,156975.81,19.6351,3.4505,8.111,3.25,3.897,1.95,1.91,111.4272,-3.0006,33675.4357,10.4245,25.957,22.0952,48.0522,-0.647,0.6678,0.6471,3.7486,0,0
2024Q1,4.64,19.07,6.2,2.2,727648.63,188472.38,161451.57,19.562,3.8939,8.909,3.25,2.7414,2.115,2.1345,112.0396,-3.0229,33762.8964,10.4271,25.9016,22.1881,48.0897,0.5086,0.7491,0.7582,6.7719,0,0
2024Q2,4.7,19.27,6.82,2.19,757543.32,196204.42,172761.59,19.8402,3.7881,10.1677,3.25,2.1345,2.28,2.359,112.2525,-3.0095,35604.536,10.4802,25.9001,22.8055,48.7056,1.1155,0.8242,0.8582,10.9175,0,0
2024Q3,4.58,20.23,5.94,2.17,775946.4,200634.76,185408.96,19.5648,4.6767,4.7942,3.0,1.9827,2.5495,2.668,112.3486,-3.0366,35538.3451,10.4784,25.8568,23.8946,49.7513,1.0173,0.9359,0.9813,11.8538,0,0
2024Q4,4.17,19.82,4.38,2.17,798224.87,208693.81,189292.45,19.8182,3.739,0.5262,2.75,2.0084,2.819,2.977,112.7393,-3.1347,33285.9771,10.4129,26.1447,23.7142,49.8589,0.7416,1.0364,1.0909,12.3545,0,0
2025Q1,4.02,19.5,5.03,1.88,830033.36,217880.63,193441.52,18.2188,3.7634,2.16,2.75,1.9788,3.025,3.053,113.1305,-3.1729,33367.3411,10.4153,26.2496,23.3053,49.5549,0.7712,1.1069,1.1161,14.0706,0,0
2025Q2,4.01,19.25,6.19,1.98,855469.47,230189.25,199064.77,18.7124,3.4919,2.1741,2.75,2.3086,3.231,3.129,113.5421,-3.1755,34304.3257,10.443,26.9079,23.2697,50.1776,0.4414,1.1728,1.1407,12.9268,0,0
2025Q3,4.37,20.3,6.77,1.91,864137.82,236055.7,202244.57,19.3014,3.3684,4.1808,2.5,2.3957,3.42,3.129,113.9661,-3.0857,37762.8227,10.5391,27.3169,23.4042,50.7211,0.1043,1.2296,1.1407,11.3657,0,1
2025Q4,3.8,20.36,6.09,1.93,906776.07,240962.6,216417.07,19.6673,4.0364,6.7778,2.5,2.2377,3.609,3.129,114.091,-3.2314,34457.4907,10.4475,26.5736,23.8666,50.4402,0.2623,1.2834,1.1407,13.5991,0,1
2026Q1,3.85,20.44,6.56,1.43,922213.52,246666.87,222758.03,20.0292,3.7054,3.3317,2.5,2.4567,,,114.3803,-3.2178,35505.2205,10.4774,26.7473,24.1547,50.902,0.0433,,,11.1056,0,1
2026Q2,3.7,19.73,6.79,1.48,956302.03,258947.43,226116.3,19.5344,,,2.5,3.0133,,,114.7422,-3.2591,35383.1751,10.474,27.078,23.6449,50.7229,-0.5133,,,11.7868,0,1
